,index,gram,coeff,indexincomment
0,333026,after,0.3254481866420276,-1
1,8912,most,-1.1045456351784246,-1
2,421983,walking,2.2320390782988753,-1
3,421383,they,1.942782024373133,-1
4,371,give,-2.5634869689584328,-1
5,421681,need,2.0618645293510967,4
6,382378,to,0.5745568720425163,9
7,293,be,-2.7000726749779043,12
8,200628,able,-0.004854450987073801,15
9,131708,distinguish,-0.18581153343183124,23
10,3915,is,-1.4260028342094908,24
11,97528,in,-0.29232269215773504,27
12,3013,between,-1.5300455237724764,35
13,6,girl,-7.893102683251745,45
14,115751,that,-0.2327928264946277,50
15,374459,at,0.5166994506972871,52
16,420539,like,1.7027705717751136,55
17,67235,likes,-0.4166939595730285,55
18,6598,the,-1.2192391475372657,61
19,151593,attention,-0.13136042980356716,65
20,6104,on,-1.2482009670739118,72
21,72,your,-3.670169127506445,75
22,9,you,-6.782092251181843,75
23,1032,youre,-2.0183392535689344,75
24,149691,giving,-0.13651545308896573,81
25,8,her,-6.8643492412707845,88
26,413960,from,1.1130003018111927,92
27,4,girls,-8.262060526783634,125
28,728,party,-2.1932357973065293,136
29,404113,will,0.8328941381573646,142
30,4503,smile,-1.368559612971406,147
31,422730,and,5.512055045702354,153
32,418,talk,-2.4901246209721815,157
33,286940,if,0.1933328450975733,169
34,610,approach,-2.2861746260715434,176
35,421571,them,2.008557094027564,185
36,63716,with,-0.4347479389321104,190
37,310850,it,0.2564358320136125,191
38,388,confidence,-2.5280151262565904,195
39,408214,though,0.9215336891144936,229
40,49341,find,-0.5182442822228986,249
41,286218,way,0.1914321417687522,256
42,421702,for,2.06865805581567,260
43,422537,or,3.0220741372123103,261
44,91,invest,-3.435113851335121,271
45,13640,interaction,-0.953952317155018,285
46,12,she,-6.401138700515026,301
47,412749,never,1.0609077071871476,305
48,169511,invests,-0.08455066645710059,311
49,421999,really,2.2416480227864874,335
50,399335,know,0.7526503006460021,342
51,2507,now,-1.6044103250539417,343
52,390446,what,0.6471586918374778,347
53,4958,wants,-1.3303317500990512,356
54,210016,away,0.019196450190391887,371
55,411121,without,1.003840265838963,390
56,155961,out,-0.11983749817310405,394
57,410,get,-2.5017761118551727,398
58,3987,getting,-1.4170578254399313,398
59,3952,any,-1.4209966117620196,406
60,8991,info,-1.1015290433796785,410
61,617,go,-2.2746654005385687,420
62,812,good,-2.133760359281315,420
63,21330,do,-0.7993605458581957,432
64,193938,this,-0.02240911179461713,435
65,404128,started,0.8332032993812554,445
66,374271,first,0.5152930258895205,457
67,3292,conversation,-1.4953447067840282,463
68,204,shes,-2.8505090199898784,481
69,42511,spot,-0.5672009149164456,493
70,1841,doesnt,-1.742990131252644,506
71,396045,come,0.7101692372587751,513
72,1980,up,-1.705470074287064,518
73,417594,again,1.3244601693289728,544
74,343123,isnt,0.3623162561087777,555
75,5732,number,-1.272452474880145,573
76,9637,forces,-1.0755424091199952,586
77,31348,more,-0.6695993237872417,603
78,25657,than,-0.7360464266890828,608
79,471,just,-2.4269828674946656,613
80,101425,receiver,-0.2785548255256847,620
81,84100,of,-0.3425057702655005,629
82,15131,leaving,-0.9188840565187779,652
83,422450,think,2.8051019246800046,674
84,8590,might,-1.1170428195769602,684
85,385588,not,0.6008495348198485,690
86,1353,see,-1.8815534680823984,694
87,3242,contact,-1.4997974786007278,737
88,85,dont,-3.5264636756597034,751
89,3743,take,-1.4450230547942906,756
90,46233,hers,-0.5395907656827156,768
91,134,then,-3.126585105312293,779
92,16717,forced,-0.8837010465366573,784
93,417392,reach,1.3078144351042975,794
94,384591,things,0.5922652891421968,824
95,420340,anywhere,1.6620922872728403,837
96,397007,only,0.7223636139289552,851
97,6331,tell,-1.2348439585181883,866
98,382193,actually,0.5730200751522191,883
99,244145,interested,0.09591437461292973,892
100,29735,make,-0.6878504551939368,919
101,62479,attracted,-0.44123465461358463,933
102,2961,arent,-1.5367488765010304,966
103,401087,desperate,0.779659334132098,972
104,103666,makes,-0.2711746427440262,992
105,122,attractive,-3.1739108212517677,1007
106,4593,can,-1.361086617764392,1025
107,4098,sense,-1.4063251115332824,1029
108,396901,when,0.7211273206588548,1035
109,398854,reason,0.7457623633359671,1049
110,242431,talking,0.09215680091415504,1062
111,412852,their,1.0658877524684045,1088
112,129329,something,-0.1925305649399751,1104
113,58861,right,-0.4603639269178614,1138
114,411048,through,1.0018103650123538,1144
115,421476,walk,1.9726744570167587,1166
116,73230,realizes,-0.3884836947104949,1200
117,151958,trying,-0.13039692066806885,1224
118,5928,wanted,-1.2598792098217608,1268
