,gram,coef
0,you,-6.782092251
1,need,2.061864529
2,to,0.574556872
3,be,-2.700072675
4,able,-0.004854451
5,to,0.574556872
6,distinguish,-0.185811533
7,between,-1.5300455240000002
8,a,0.0
9,girl,-7.8931026829999995
10,that,-0.232792826
11,likes,-0.41669396
12,the,-1.219239148
13,attention,-0.13136043
14,youre,-2.0183392540000002
15,giving,-0.136515453
16,her,-6.864349241
17,from,1.113000302
18,a,0.0
19,girl,-7.8931026829999995
20,that,-0.232792826
21,likes,-0.41669396
22,you,-6.782092251
23,most,-1.104545635
24,girls,-8.262060527000001
25,at,0.516699451
26,a,0.0
27,party,-2.193235797
28,will,0.832894138
29,smile,-1.3685596130000002
30,and,5.512055046
31,talk,-2.490124621
32,to,0.574556872
33,you,-6.782092251
34,if,0.193332845
35,you,-6.782092251
36,approach,-2.2861746259999998
37,them,2.008557094
38,with,-0.43474793899999997
39,confidence,-2.528015126
40,after,0.325448187
41,you,-6.782092251
42,talk,-2.490124621
43,to,0.574556872
44,her,-6.864349241
45,though,0.9215336890000001
46,you,-6.782092251
47,need,2.061864529
48,to,0.574556872
49,find,-0.5182442820000001
50,a,0.0
51,way,0.191432142
52,for,2.068658056
53,her,-6.864349241
54,to,0.574556872
55,invest,-3.435113851
56,in,-0.292322692
57,the,-1.219239148
58,interaction,-0.953952317
59,if,0.193332845
60,she,-6.401138701
61,never,1.060907707
62,invests,-0.084550666
63,in,-0.292322692
64,it,0.256435832
65,you,-6.782092251
66,never,1.060907707
67,really,2.241648023
68,know,0.752650301
69,what,0.647158692
70,she,-6.401138701
71,wants,-1.33033175
72,walking,2.232039078
73,away,0.01919645
74,from,1.113000302
75,the,-1.219239148
76,girl,-7.8931026829999995
77,without,1.0038402659999999
78,getting,-1.417057825
79,any,-1.420996612
80,info,-1.101529043
81,is,-1.4260028340000002
82,a,0.0
83,good,-2.133760359
84,way,0.191432142
85,to,0.574556872
86,do,-0.799360546
87,this,-0.022409112000000002
88,you,-6.782092251
89,started,0.833203299
90,the,-1.219239148
91,first,0.515293026
92,conversation,-1.4953447069999999
93,now,-1.604410325
94,shes,-2.85050902
95,on,-1.248200967
96,the,-1.219239148
97,spot,-0.567200915
98,if,0.193332845
99,she,-6.401138701
100,doesnt,-1.742990131
101,come,0.710169237
102,up,-1.7054700740000002
103,to,0.574556872
104,you,-6.782092251
105,and,5.512055046
106,talk,-2.490124621
107,to,0.574556872
108,you,-6.782092251
109,again,1.324460169
110,she,-6.401138701
111,isnt,0.362316256
112,getting,-1.417057825
113,your,-3.670169128
114,number,-1.272452475
115,this,-0.022409112000000002
116,forces,-1.075542409
117,her,-6.864349241
118,to,0.574556872
119,be,-2.700072675
120,more,-0.669599324
121,than,-0.736046427
122,just,-2.426982867
123,a,0.0
124,receiver,-0.27855482600000003
125,of,-0.34250577
126,attention,-0.13136043
127,if,0.193332845
128,youre,-2.0183392540000002
129,leaving,-0.918884057
130,the,-1.219239148
131,party,-2.193235797
132,or,3.0220741369999997
133,think,2.805101925
134,you,-6.782092251
135,might,-1.11704282
136,not,0.600849535
137,see,-1.8815534680000001
138,her,-6.864349241
139,again,1.324460169
140,at,0.516699451
141,that,-0.232792826
142,party,-2.193235797
143,give,-2.563486969
144,her,-6.864349241
145,your,-3.670169128
146,contact,-1.4997974790000002
147,info,-1.101529043
148,dont,-3.526463676
149,take,-1.445023055
150,any,-1.420996612
151,of,-0.34250577
152,hers,-0.539590766
153,shes,-2.85050902
154,then,-3.126585105
155,forced,-0.8837010470000001
156,to,0.574556872
157,reach,1.307814435
158,out,-0.119837498
159,to,0.574556872
160,you,-6.782092251
161,if,0.193332845
162,she,-6.401138701
163,wants,-1.33033175
164,things,0.592265289
165,to,0.574556872
166,go,-2.274665401
167,anywhere,1.662092287
168,not,0.600849535
169,only,0.722363614
170,will,0.832894138
171,this,-0.022409112000000002
172,tell,-1.234843959
173,you,-6.782092251
174,if,0.193332845
175,shes,-2.85050902
176,actually,0.573020075
177,interested,0.095914375
178,in,-0.292322692
179,you,-6.782092251
180,it,0.256435832
181,will,0.832894138
182,make,-0.687850455
183,her,-6.864349241
184,more,-0.669599324
185,attracted,-0.441234655
186,she,-6.401138701
187,will,0.832894138
188,see,-1.8815534680000001
189,that,-0.232792826
190,you,-6.782092251
191,arent,-1.536748877
192,desperate,0.7796593340000001
193,and,5.512055046
194,that,-0.232792826
195,makes,-0.271174643
196,you,-6.782092251
197,more,-0.669599324
198,attractive,-3.173910821
199,girls,-8.262060527000001
200,can,-1.361086618
201,sense,-1.406325112
202,when,0.721127321
203,the,-1.219239148
204,only,0.722363614
205,reason,0.745762363
206,youre,-2.0183392540000002
207,talking,0.092156801
208,to,0.574556872
209,them,2.008557094
210,is,-1.4260028340000002
211,to,0.574556872
212,get,-2.501776112
213,their,1.065887752
214,number,-1.272452475
215,or,3.0220741369999997
216,something,-0.192530565
217,like,1.702770572
218,that,-0.232792826
219,they,1.942782024
220,can,-1.361086618
221,see,-1.8815534680000001
222,right,-0.460363927
223,through,1.001810365
224,you,-6.782092251
225,when,0.721127321
226,you,-6.782092251
227,walk,1.9726744569999999
228,away,0.01919645
229,without,1.0038402659999999
230,the,-1.219239148
231,number,-1.272452475
232,she,-6.401138701
233,realizes,-0.388483695
234,youre,-2.0183392540000002
235,not,0.600849535
236,just,-2.426982867
237,trying,-0.130396921
238,to,0.574556872
239,get,-2.501776112
240,her,-6.864349241
241,number,-1.272452475
242,you,-6.782092251
243,actually,0.573020075
244,just,-2.426982867
245,wanted,-1.25987921
246,to,0.574556872
247,talk,-2.490124621
248,to,0.574556872
249,her,-6.864349241
250,that,-0.232792826
251,is,-1.4260028340000002
252,attractive,-3.173910821
